Date,Source,Air_Temperature,Relative_Humidity,Light_Intensity,CO2,Soil_Moisture,Soil_Temperature
20230501,2023,21.9859,57.6921,6.9748,431.7262,55.8417,19.9479
20230502,2023,24.9351,51.8993,7.1546,447.1101,57.6086,22.3339
20230503,2023,25.9682,50.3498,5.1612,456.9613,57.6348,23.7321
20230504,2023,20.9793,66.1874,3.4304,429.8125,56.9688,22.4702
20230505,2023,20.798,48.8748,9.4886,422.5179,56.7363,22.9473
20230506,2023,24.6938,45.0629,11.2725,456.5625,57.1515,25.011
20230507,2023,24.9966,40.29,12.8724,458.3512,57.3491,26.5798
20230508,2023,23.2787,36.1792,10.7838,439.4702,56.4946,26.3988
20230509,2023,20.1452,37.469,8.4948,420.9196,55.1652,24.3446
20230510,2023,22.353,41.4865,11.8303,436.3958,57.9768,23.872
20230511,2023,24.46,39.96,6.9303,441.3899,61.4747,23.9137
20230512,2023,22.8193,47.3527,6.0886,420.2738,62.0295,24.1182
20230513,2023,23.5661,56.6542,8.5611,424.7024,60.7467,24.2851
20230514,2023,25.7264,44.303,12.0668,438.369,59.7845,24.9815
20230515,2023,24.0414,45.2116,7.1203,428.6101,60.2345,24.8807
20230516,2023,15.623,66.8186,1.5169,413.0,61.161,21.3315
20230517,2023,24.7137,47.0435,11.6886,444.2202,60.4652,22.494
20230518,2023,24.2276,46.7526,6.8435,433.5685,59.5438,24.2119
20230519,2023,25.2876,44.1195,5.328,430.0833,58.281,24.1661
20230520,2023,21.8207,60.9586,3.4634,414.4554,57.0637,23.1289
20230521,2023,22.8267,60.8525,7.5015,425.0149,55.9101,22.7815
20230522,2023,24.2005,49.2886,6.9596,429.4702,56.2607,23.4872
20230523,2023,24.6542,40.3621,5.4594,427.7054,56.1354,23.8839
20230524,2023,26.2483,32.3122,10.6374,430.4196,54.2333,25.158
20230525,2023,22.968,40.0343,5.8203,414.7381,52.2789,24.6149
20230526,2023,24.2202,48.5697,11.429,424.1935,50.5295,25.0125
20230527,2023,24.2212,43.4505,10.8705,420.9226,48.7688,25.2557
20230528,2023,26.5484,36.813,12.2466,429.5,47.2452,25.4321
20230529,2023,24.9455,45.6754,11.8568,424.2381,49.9268,24.894
20230530,2023,24.9284,51.4717,13.0867,426.2113,54.8449,24.7104
20230601,2023,22.9962,65.4738,7.0057,414.4613,59.5393,23.0991
20230602,2023,24.1251,57.0267,9.7554,417.4375,57.608,23.1655
20230603,2023,22.6489,62.8052,7.811,414.3333,55.7363,22.9065
20230604,2023,23.1115,63.2994,13.4689,414.5565,53.9461,23.3878
20230605,2023,23.4017,66.0098,8.6613,417.7321,51.8315,23.6905
20230606,2023,22.3922,68.3501,8.8468,414.2768,50.1595,23.3622
20230607,2023,24.3007,58.5157,11.0702,416.8601,48.7265,24.1554
20230608,2023,24.2215,48.039,10.4932,414.3512,46.9107,24.1262
20230609,2023,22.1319,63.8476,6.7383,414.6786,45.3327,23.5542
20230610,2023,23.844,68.506,12.2773,414.3929,44.1696,23.4268
20230611,2023,22.8118,76.1222,3.9902,417.2321,43.3551,23.0932
20230612,2023,23.5079,73.293,7.9409,416.8512,42.6179,23.1634
20230613,2023,25.2542,74.4915,8.1929,425.3423,42.1116,23.8512
20230614,2023,26.2993,67.8656,9.4546,421.7113,41.4497,24.5107
20230615,2023,26.7539,65.5456,8.5333,417.8601,41.5488,25.2039
20230616,2023,26.8895,62.0626,8.6937,417.625,43.5765,25.6199
20230617,2023,24.0267,63.4471,7.6943,413.3036,50.667,23.5771
20230618,2023,25.1478,63.4179,8.8194,415.7411,54.3223,23.2854
20230619,2023,26.7638,67.9065,7.6313,415.494,53.256,24.642
20230620,2023,21.8577,84.398,2.3279,413.2351,51.8327,23.7402
20230621,2023,22.531,83.649,2.2232,416.4494,50.7152,22.6738
20230622,2023,24.4923,75.3827,5.131,423.3619,49.6695,23.4451
20230623,2023,25.0222,75.3555,7.1054,415.1815,48.2652,24.0988
20230624,2023,25.9231,78.2251,5.0108,413.7827,46.853,24.5012
20230625,2023,28.6587,62.707,5.3994,429.628,45.5101,25.5336
20230626,2023,28.1451,66.2762,5.1675,419.3006,43.9631,26.106
20230627,2023,24.4958,78.9885,2.1435,413.3601,42.9313,25.1506
20230628,2023,26.3645,80.2347,4.8519,421.7113,42.2354,25.0967
20230629,2023,24.5394,76.8847,2.3774,414.9048,40.7679,24.9092
20230630,2023,26.5694,68.0547,5.3776,419.2262,37.9735,24.981
20230701,2023,23.9881,73.2967,3.0584,413.6573,37.3118,24.6193
20230702,2023,23.8506,77.5653,2.1461,413.0,35.7458,22.8208
20230703,2023,23.9145,82.5246,1.6967,416.5208,35.1865,22.9031
20230704,2023,24.6841,85.0553,2.1718,420.5312,34.7635,23.1625
20230705,2023,22.4041,84.6542,0.8777,413.0,34.4604,22.8667
20230706,2023,23.0108,79.0267,1.9246,414.8542,33.6938,22.499
20230707,2023,22.5246,84.8467,1.6366,413.0,33.176,22.2177
20230708,2023,24.4297,82.6223,1.7038,414.5104,32.9948,22.826
20230709,2023,23.4976,85.4396,0.9874,413.9479,32.7385,22.8427
20230710,2023,23.401,89.9398,0.8828,413.2396,32.4969,22.726
20230711,2023,25.3877,83.4185,2.4793,418.8021,32.2688,22.9604
20230712,2023,25.3044,81.2634,1.8041,415.9062,32.0479,23.2
20230713,2023,26.465,73.4757,1.2298,415.3542,31.7438,23.3646
20230714,2023,21.8712,82.6205,0.6394,413.0,31.6333,22.9771
20230715,2023,21.6626,90.9609,1.202,413.0,31.0313,21.8729
20230716,2023,23.1074,88.2512,1.6467,413.0,30.8021,22.124
20230717,2023,21.8693,88.5785,1.0529,413.0,30.7418,21.998
20230718,2023,24.1357,80.7503,2.1717,413.625,30.349,22.0573
20230719,2023,26.2728,80.764,4.0315,417.2653,31.7286,22.7163
20230720,2023,26.5031,85.7257,2.5361,417.4796,34.751,23.3837
20230721,2023,27.2399,77.9095,3.1458,422.8229,35.475,23.6458
20230722,2023,23.6806,87.0044,0.3974,413.0,35.8606,23.8273
20230723,2023,23.5844,92.6863,1.6077,413.3776,35.5541,23.0602
20230724,2023,22.5855,83.8648,1.445,413.0,35.243,22.625
20230725,2023,25.3504,83.9993,2.9053,413.0833,35.0958,22.9625
20230726,2023,27.1686,84.2014,4.0273,425.3125,35.2438,23.751
20230727,2023,26.9308,86.3129,2.8679,421.5417,35.3896,24.5271
20230728,2023,24.5569,90.8215,1.1385,413.0,35.0875,24.2394
20230729,2023,27.0807,88.1554,3.1633,420.8542,34.7281,24.2135
20230730,2023,26.833,87.6627,2.6249,424.8542,34.7917,24.8844
20230731,2023,27.0803,86.492,1.5125,422.0521,34.1385,24.4646
20240901,2024,20.4371,69.1459,2.809,442.7366,53.9375,22.9272
20240902,2024,22.9068,61.1122,4.3658,510.125,55.3595,23.5923
20240903,2024,24.0702,58.9608,4.3895,513.4256,57.4208,24.5988
20240904,2024,21.4728,76.4072,1.2422,445.8592,57.2789,23.0839
20240905,2024,23.3819,56.3446,4.5764,484.5735,58.0597,24.2168
20240906,2024,21.816,53.8276,4.6596,460.5179,58.1723,24.092
20240907,2024,24.0399,56.8413,4.1643,500.691,57.2426,24.8303
20240908,2024,25.38,56.4534,4.2958,498.9762,56.8821,26.55
20240909,2024,23.3241,67.4486,3.857,459.1818,56.127,25.9047
20240910,2024,24.8133,51.4154,4.8885,478.5131,55.5504,26.1306
20240911,2024,23.2418,52.0405,3.9398,468.3994,54.7341,25.0222
20240912,2024,22.512,58.6935,3.2504,495.4487,57.5282,24.7463
20240913,2024,22.1414,47.194,4.2474,488.2679,59.2792,24.1199
20240914,2024,22.3384,50.7144,4.0934,483.3942,59.5429,23.7577
20240915,2024,21.8647,51.4093,4.3536,500.2262,61.5253,23.4637
20240916,2024,22.7505,58.2586,4.4055,488.9375,62.9744,23.6452
20240917,2024,24.7915,57.8159,4.0257,525.8839,62.4021,24.4685
20240918,2024,24.7921,55.2185,3.3214,511.4588,61.2903,24.6332
20240919,2024,21.7435,57.1962,3.1226,463.0089,59.9872,24.2696
20240920,2024,19.0771,63.3897,2.7509,467.7055,58.744,21.9058
20240921,2024,19.6158,54.8169,5.2011,490.4561,57.5067,21.5702
20240922,2024,20.8436,54.4233,4.4506,501.3088,55.7532,21.7894
20240923,2024,18.6326,58.6321,3.7534,490.9174,53.649,21.2416
20240924,2024,21.0196,58.463,4.3578,505.6786,51.9673,21.6443
20240925,2024,20.5239,71.1656,2.6548,476.9137,50.3878,21.569
20240926,2024,21.1347,61.3457,4.7709,500.9184,48.8,21.5519
20240927,2024,20.2037,58.2241,4.5956,459.6441,46.5206,21.8679
20240928,2024,21.4347,60.431,4.2584,475.5539,44.2828,21.9117
20240929,2024,23.9249,64.3573,4.1772,476.1965,42.9986,22.6888
20241001,2024,21.8569,54.7859,4.9959,502.0227,43.0333,21.1633
20241002,2024,18.5301,59.6297,4.7976,488.8036,42.5155,19.4753
20241003,2024,19.2924,59.4775,4.2929,511.4554,42.8554,19.4726
20241004,2024,19.731,62.0255,3.9283,521.128,43.4315,19.9265
20241005,2024,20.3057,66.35,3.5962,501.7589,41.7018,20.2086
20241006,2024,17.8268,68.8107,2.3804,455.7262,40.2173,19.4491
20241007,2024,16.4556,61.5134,3.2506,476.3703,38.9047,17.9924
20241008,2024,15.2971,71.025,2.0619,489.2703,37.9012,17.8826
20241009,2024,17.4957,60.8481,2.9731,489.8155,36.4351,18.0946
20241010,2024,15.5476,80.6404,1.1177,438.9155,35.4017,17.4889
20241011,2024,15.9416,65.2221,2.888,501.8076,34.5534,16.6507
20241012,2024,16.3642,62.4304,2.8717,515.4911,33.575,16.7024
20241013,2024,18.734,62.9721,2.3362,514.3965,32.7015,17.7673
20241014,2024,18.3524,72.8462,1.1168,447.5428,31.9643,18.4914
20241015,2024,15.7015,72.9096,1.8351,462.0833,31.2568,17.7574
20241016,2024,14.4113,72.9423,1.5771,475.9857,30.4814,16.1287
20241017,2024,17.6116,67.1857,1.7489,521.6862,29.9892,17.2897
20241018,2024,18.4637,67.1769,1.5626,494.8953,29.5672,18.2462
20241019,2024,16.4479,59.875,1.6524,449.9435,28.9714,17.5333
20241020,2024,17.3217,61.3786,1.5226,469.1613,28.5179,17.3742
20241021,2024,19.7158,71.6781,0.8903,476.7697,28.2825,18.6665
20241022,2024,18.835,71.1097,1.0721,462.994,28.0134,18.7744
20241023,2024,18.176,69.7944,1.1748,453.6443,27.7443,18.5854
20241024,2024,16.8337,66.0165,1.1344,462.2168,27.4405,17.6835
20241025,2024,19.4617,68.3821,1.266,486.5977,27.2399,18.6318
20241026,2024,17.2351,72.5846,0.7601,445.5306,28.905,17.898
20241027,2024,17.4168,72.8267,0.7734,460.1101,29.2378,17.9762
20241028,2024,17.6846,68.506,1.0911,451.7902,28.4845,18.052
20241029,2024,18.6342,68.8198,1.1358,481.3988,27.8625,18.2313
20241030,2024,17.8754,78.0156,0.5281,471.9653,27.487,18.3694
20241031,2024,18.6615,72.1485,0.9184,474.4169,27.1892,18.3531
20241101,2024,20.5716,72.467,1.1608,474.9955,27.0705,19.3821
20241102,2024,18.3366,68.375,0.9445,457.2514,26.814,18.8429
20241103,2024,18.4338,75.5739,0.6003,466.9067,26.621,18.819
20241104,2024,16.8499,67.9864,0.8653,452.105,26.449,18.5096
20241105,2024,13.9617,71.0185,0.5683,433.5131,26.1076,16.9402
20241106,2024,13.201,73.2554,0.671,439.723,25.8446,15.777
20241107,2024,12.1064,74.5378,0.0,496.5668,25.6791,15.5882
20241108,2024,16.9203,68.9534,0.7608,524.7994,25.8768,16.8141
20241109,2024,19.2094,76.6061,0.4367,545.4752,25.9624,18.1516
20241110,2024,20.0622,70.8227,0.7658,463.4494,26.0932,19.2991
20241111,2024,17.272,71.5328,0.6312,450.6287,25.8602,18.1278
20241112,2024,16.395,68.9576,0.7282,439.9531,25.7959,17.8859
20241113,2024,15.6864,66.234,0.6692,451.8338,25.5983,17.0848
20241114,2024,18.1893,77.3381,0.1869,512.7935,25.6938,17.826
20241115,2024,17.2999,74.5414,0.4332,469.0324,25.7147,17.9608
20241116,2024,17.3682,71.5065,0.4716,465.898,25.7122,18.0571
20241117,2024,14.7098,64.29,0.5963,434.1886,25.5317,16.9366
20241118,2024,13.8836,63.4693,0.5635,450.968,25.3701,16.061
20241119,2024,14.153,66.229,0.5471,451.0319,25.4467,15.9107
20241120,2024,16.1094,68.3238,0.5458,474.5347,27.7581,16.2861
20241121,2024,16.7964,69.7052,0.4538,472.4052,29.3574,17.1528
20241122,2024,14.9253,65.7555,0.5013,447.1166,29.3157,16.6586
20241123,2024,14.2779,65.7105,0.4772,444.5783,29.6074,16.0994
20241124,2024,15.1114,66.0113,0.4928,451.6042,29.7176,16.1952
20241125,2024,17.5457,75.4594,0.1079,510.1633,29.9717,17.2155
20241126,2024,15.7804,75.4423,0.1081,451.7173,30.0551,17.1744
20241127,2024,13.731,71.1423,0.2601,425.1667,29.9089,15.8908
20241128,2024,14.5825,71.0244,0.2438,453.8095,29.9738,16.0134
20241129,2024,14.6024,73.0135,0.3071,447.974,30.0257,15.7737
20241130,2024,14.5607,67.4859,0.4307,448.7394,30.0414,15.7623
20250403,2025,23.2133,43.1592,6.931,496.7292,50.0656,23.4656
20250404,2025,23.9891,40.7229,8.1551,513.8958,52.2516,24.0099
20250405,2025,24.4548,39.1889,8.011,496.9485,53.6799,24.5258
20250406,2025,24.2222,46.2744,5.3847,523.6875,54.7807,23.9141
20250407,2025,22.9139,42.3821,8.2066,508.1378,55.5403,24.148
20250408,2025,22.3505,40.1405,8.9064,487.7713,56.2106,24.1128
20250409,2025,23.5362,41.2119,7.8108,515.7245,55.8224,24.5117
20250410,2025,24.3693,45.1523,7.6425,523.0365,55.1156,24.6526
20250411,2025,25.1269,52.7574,7.6604,500.8594,55.2615,25.1214
20250412,2025,22.8151,59.6196,3.6984,476.3512,59.5542,24.3336
20250413,2025,24.1454,63.9181,5.8243,490.6994,58.9045,24.3054
20250414,2025,25.4713,54.5308,7.0914,495.0923,58.1693,24.8726
20250415,2025,21.5563,63.3652,2.9675,449.6012,57.2732,23.5604
20250416,2025,22.5826,56.1537,7.3243,486.3244,57.0795,23.5351
20250417,2025,23.6607,51.7685,8.2132,530.7619,58.3759,23.9545
20250418,2025,22.4242,55.0023,5.6903,481.1696,60.6387,24.0027
20250419,2025,23.386,50.1763,9.1129,507.0149,60.1994,23.7631
20250420,2025,20.2766,53.1883,6.4255,473.1808,59.4274,22.7233
20250421,2025,20.6138,53.2924,5.7265,473.3631,58.9289,23.1705
20250422,2025,20.155,66.4633,3.3124,491.7202,57.3726,21.9565
20250423,2025,22.6326,54.4391,8.5112,486.7202,56.0476,21.3917
20250424,2025,19.4573,60.9886,4.4595,455.3839,59.8348,21.4048
20250425,2025,20.6272,64.9687,5.6546,493.1138,57.9455,20.9961
20250426,2025,21.4871,55.3709,8.2677,505.1488,56.5336,21.3708
20250427,2025,20.2477,59.2939,4.6045,495.7596,55.6223,22.3105
20250428,2025,19.2355,55.3391,6.3208,489.9666,54.5213,21.2538
20250429,2025,19.097,51.153,6.6581,483.4792,53.6839,21.2792
20250430,2025,20.8134,55.4696,6.599,508.7738,52.1527,21.5664
20250501,2025,21.7083,48.6355,5.4924,445.9242,40.5076,22.4929
20250502,2025,23.0748,48.7464,6.2855,523.4583,48.3446,22.7601
20250503,2025,22.1034,56.2307,4.4891,517.4315,46.8143,22.5583
20250504,2025,24.4385,44.5996,6.3423,519.8155,45.6414,23.5065
20250505,2025,23.8996,46.0048,6.2659,521.0357,44.5345,23.514
20250506,2025,21.8762,49.1882,6.2013,498.9107,43.5565,22.844
20250507,2025,22.3714,52.3328,7.5355,532.4792,43.2006,22.7443
20250508,2025,22.0515,51.8426,5.0137,516.4464,43.0423,22.3973
20250509,2025,23.4946,51.2846,5.3108,536.4554,43.6893,22.7601
20250510,2025,19.4895,65.9444,3.8625,474.4851,44.2307,21.6432
20250511,2025,18.9534,60.4986,5.3999,472.8333,44.1229,20.3351
20250512,2025,20.377,59.5107,3.9647,519.0982,43.8527,20.9158
20250513,2025,22.329,59.8495,3.8852,541.4345,43.5664,21.8318
20250514,2025,20.7702,59.5285,3.5473,466.9643,43.2259,21.6643
20250515,2025,21.1802,57.1488,7.1667,529.3313,43.0264,20.7638
20250516,2025,22.0715,53.6999,5.424,524.9673,42.7982,21.8679
20250517,2025,20.6724,55.5547,4.2647,512.256,42.2548,21.6244
20250518,2025,19.1057,53.4141,3.3511,460.4702,41.708,21.0964
20250519,2025,17.5835,60.4959,2.6963,449.5655,41.0283,20.3092
20250520,2025,21.4512,50.4163,7.6981,546.5357,40.5378,20.4018
20250521,2025,21.2136,57.1538,5.0336,512.7917,40.85,21.3774
20250522,2025,21.845,60.2583,4.2042,491.2332,41.1534,21.8055
20250523,2025,22.5178,49.751,7.1141,490.997,41.5568,21.9887
20250524,2025,20.6,62.1336,3.9925,496.0536,41.5137,21.6643
20250525,2025,20.3189,55.8882,4.4009,475.3065,40.9824,21.0036
20250526,2025,16.9536,77.2511,0.7983,431.8768,40.3085,20.0504
20250527,2025,21.3881,61.5962,5.6375,508.9911,40.1414,20.181
20250528,2025,22.1674,61.3456,5.3376,524.9226,40.5235,21.0542
20250529,2025,22.8888,63.5114,9.4776,527.1667,49.1849,20.9896
20250530,2025,15.7239,79.9731,1.5815,434.4896,49.1208,19.0854
20250531,2025,15.7546,80.3368,1.8461,463.9405,68.4369,18.2405
20250601,2025,23.7409,43.8621,3.843,519.7447,28.1585,22.0241
20250602,2025,19.1601,63.3881,4.8417,507.4911,41.0214,19.7815
20250603,2025,20.745,72.9269,5.3669,490.9167,41.2268,20.6277
20250604,2025,21.1494,69.6583,6.0646,484.619,41.4021,20.7009
20250605,2025,19.6285,73.884,2.9559,471.5446,41.7815,20.814
20250606,2025,19.4865,70.6932,3.0259,459.7708,41.8673,20.4375
20250607,2025,20.8603,68.8928,2.7716,480.4405,41.8,21.1815
20250608,2025,19.5809,73.6671,3.1948,458.1642,41.3672,21.2164
20250609,2025,20.7726,60.2641,1.919,466.3636,41.1707,21.6504
20250610,2025,23.0274,67.3609,5.2936,496.0143,50.0152,22.3067
20250611,2025,24.9528,72.3166,4.5747,504.5208,51.7599,23.1828
20250612,2025,24.5429,73.369,5.582,493.2083,51.15,23.6302
20250613,2025,22.8307,80.5751,2.7552,469.4375,50.3417,22.7406
20250614,2025,24.3231,78.1705,4.3963,487.0885,49.8182,23.0552
20250615,2025,21.8882,77.9109,2.8943,451.1094,49.6682,21.7349
20250616,2025,23.7782,69.7112,6.7701,505.2344,49.8161,22.2635
20250617,2025,24.5063,64.7987,9.3179,501.474,49.8323,23.2693
20250618,2025,24.4331,63.7914,5.9502,490.099,49.4672,23.325
20250619,2025,25.8783,64.3455,4.2726,516.5885,49.4052,23.9656
20250620,2025,24.9364,68.0888,3.1846,475.3125,49.2594,23.574
20250621,2025,21.7564,80.0996,4.0763,454.8594,48.9724,22.724
20250622,2025,18.3421,85.1979,1.5847,445.7917,48.4833,20.5156
20250623,2025,18.3115,82.4852,1.8098,437.8125,48.1714,19.4813
20250624,2025,18.4463,80.7978,2.9825,465.6094,47.8448,19.0844
20250625,2025,22.9678,71.6037,7.1001,534.7188,47.7708,20.7318
20250626,2025,25.1713,76.5661,6.6946,532.8775,47.7779,23.024
20250627,2025,27.041,70.3585,10.1896,506.5052,47.7964,24.4901
20250628,2025,26.4368,64.915,7.5715,474.8229,47.9313,24.8667
20250629,2025,26.2501,66.3267,6.7668,462.8229,48.3688,24.7484
20250630,2025,24.2113,71.928,2.9405,457.5156,48.4161,23.9302
